{
  "rows": 100000,
  "batch_size": 1000,
  "repeats": 9,
  "median_seconds": 0.2455582999973558,
  "samples_seconds": [
    0.21556700000655837,
    0.21829690001322888,
    0.23920129999169149,
    0.26949529998819344,
    0.23741739999968559,
    0.301892699993914,
    0.2927080999943428,
    0.2455582999973558,
    0.24903049998101778
  ],
  "rows_per_second": 407235.26755591977
}
