{
  "rows": 10000,
  "batch_size": 1000,
  "repeats": 9,
  "median_seconds": 0.021461500000441447,
  "samples_seconds": [
    0.021461500000441447,
    0.02199300000211224,
    0.021016000013332814,
    0.022514099982799962,
    0.020723499997984618,
    0.021116999996593222,
    0.033115799975348637,
    0.024352200009161606,
    0.021393200004240498
  ],
  "rows_per_second": 465950.6558159638
}
