{
  "rows": 1000,
  "rounds": 250,
  "rows_processed_per_transform": 250000,
  "repeats": 9,
  "engines": {
    "py": {
      "median_seconds": 0.10218440000608098,
      "rows_per_second": 2446557.400005505,
      "samples_seconds": [
        0.13839949999237433,
        0.10371310000482481,
        0.09670369999366812,
        0.09794150000379886,
        0.10045089999039192,
        0.09607040000264533,
        0.10265040000376757,
        0.11612599999352824,
        0.10218440000608098
      ]
    },
    "c": {
      "median_seconds": 0.02468590000353288,
      "rows_per_second": 10127238.624648957,
      "samples_seconds": [
        0.028451300007873215,
        0.029105800000252202,
        0.02468590000353288,
        0.02402490000531543,
        0.02333179999550339,
        0.02223760000197217,
        0.023738999996567145,
        0.02557669999077916,
        0.026400100003229454
      ]
    }
  },
  "native_speedup": 4.1393832103126496
}
