{
  "rows": 1000000,
  "batch_size": 1000,
  "repeats": 9,
  "median_seconds": 2.1453443999926094,
  "samples_seconds": [
    2.744638700009091,
    2.2735321999934968,
    2.138572399999248,
    2.15981740001007,
    2.140540799999144,
    2.113988800003426,
    2.1453443999926094,
    2.165809600002831,
    2.0859141999972053
  ],
  "rows_per_second": 466125.62533243845
}
